{
  "tp": 0.05,
  "trades": 36,
  "wr": 69.44444444444444,
  "avg_pnl": -0.2306648342642388,
  "sharpe": -0.545154657219179
}