{
  "vol": 20,
  "pct_low": 0.12,
  "wick": 0,
  "sl": -0.03,
  "tp": 0.08,
  "hold": 8,
  "trades": 72,
  "win_rate": 0.1527777777777778,
  "avg_pnl": 0.004722222222222222,
  "sharpe": 0.13744134580789785
}