{
  "run_at": "2026-07-14 09:04",
  "segments_only": true,
  "results": [
    {
      "coin": "AAVEUSDT",
      "params": {
        "thr": 0.22,
        "sl": -0.08,
        "tp": 0.05,
        "h": 24
      },
      "total_trades": 4,
      "win_trades": 3,
      "win_rate": 0.75,
      "avg_return": 0.024389,
      "total_return": 0.10047147568508197,
      "max_drawdown": 0.006162999999999954,
      "sharpe_ratio": 2.3062984062890286,
      "sortino_ratio": 15.82930391043323,
      "calmar_ratio": 16.302365030842562,
      "profit_factor": 16.829303910433232,
      "avg_hold_hours": 19.5625,
      "bars": 1000,
      "funding_rows": 200,
      "score": 67.3
    },
    {
      "coin": "CLOUSDT",
      "params": {
        "thr": 0.22,
        "sl": -0.1,
        "tp": 0.03,
        "h": 12
      },
      "total_trades": 16,
      "win_trades": 13,
      "win_rate": 0.8125,
      "avg_return": 0.019981,
      "total_return": 0.3537001080016302,
      "max_drawdown": 0.10296899999999996,
      "sharpe_ratio": 1.8807193651094265,
      "sortino_ratio": 2.80135718007742,
      "calmar_ratio": 3.4350154706914733,
      "profit_factor": 2.8527408969997623,
      "avg_hold_hours": 4.515625,
      "bars": 1000,
      "funding_rows": 200,
      "score": 58.8
    },
    {
      "coin": "SOXLUSDT",
      "params": {
        "thr": 0.22,
        "sl": -0.1,
        "tp": 0.03,
        "h": 24
      },
      "total_trades": 10,
      "win_trades": 9,
      "win_rate": 0.9,
      "avg_return": 0.015104399999999999,
      "total_return": 0.15527425483133994,
      "max_drawdown": 0.07751899999999998,
      "sharpe_ratio": 1.3691533394130717,
      "sortino_ratio": 1.948477147538023,
      "calmar_ratio": 2.003047702258027,
      "profit_factor": 2.9484771475380227,
      "avg_hold_hours": 7.583333333333333,
      "bars": 1000,
      "funding_rows": 176,
      "score": 50.1
    },
    {
      "coin": "UNIUSDT",
      "params": {
        "thr": 0.15,
        "sl": -0.08,
        "tp": 0.05,
        "h": 12
      },
      "total_trades": 7,
      "win_trades": 5,
      "win_rate": 0.7142857142857143,
      "avg_return": 0.015709714285714285,
      "total_return": 0.11269038607362658,
      "max_drawdown": 0.020489999999999935,
      "sharpe_ratio": 1.4678316775607845,
      "sortino_ratio": 4.124261589988903,
      "calmar_ratio": 5.499774820577206,
      "profit_factor": 3.9284192586280353,
      "avg_hold_hours": 11.142857142857142,
      "bars": 1000,
      "funding_rows": 200,
      "score": 49.9
    },
    {
      "coin": "ETHUSDT",
      "params": {
        "thr": 0.12,
        "sl": -0.08,
        "tp": 0.05,
        "h": 24
      },
      "total_trades": 4,
      "win_trades": 3,
      "win_rate": 0.75,
      "avg_return": 0.00844025,
      "total_return": 0.03395010821971889,
      "max_drawdown": 0.00498299999999989,
      "sharpe_ratio": 1.3420121240298053,
      "sortino_ratio": 6.775235801725868,
      "calmar_ratio": 6.813186477969022,
      "profit_factor": 7.775235801725869,
      "avg_hold_hours": 19.583333333333332,
      "bars": 1000,
      "funding_rows": 200,
      "score": 48.0
    },
    {
      "coin": "EVAAUSDT",
      "params": {
        "thr": 0.18,
        "sl": -0.05,
        "tp": 0.03,
        "h": 12
      },
      "total_trades": 75,
      "win_trades": 50,
      "win_rate": 0.6666666666666666,
      "avg_return": 0.009341146666666668,
      "total_return": 0.706629039166395,
      "max_drawdown": 0.3300024641619481,
      "sharpe_ratio": 1.1892958230364261,
      "sortino_ratio": 1.9899244941842866,
      "calmar_ratio": 2.1412841293803733,
      "profit_factor": 1.4174490765706045,
      "avg_hold_hours": 0.8555555555555556,
      "bars": 1000,
      "funding_rows": 200,
      "score": 40.5
    },
    {
      "coin": "WLDUSDT",
      "params": {
        "thr": 0.22,
        "sl": -0.08,
        "tp": 0.05,
        "h": 24
      },
      "total_trades": 4,
      "win_trades": 3,
      "win_rate": 0.75,
      "avg_return": 0.012095749999999999,
      "total_return": 0.04802838085992356,
      "max_drawdown": 0.015688999999999953,
      "sharpe_ratio": 0.8473805965104833,
      "sortino_ratio": 3.083880425776021,
      "calmar_ratio": 3.0612773828748616,
      "profit_factor": 4.083880425776021,
      "avg_hold_hours": 18.916666666666668,
      "bars": 1000,
      "funding_rows": 200,
      "score": 38.0
    },
    {
      "coin": "SOLUSDT",
      "params": {
        "thr": 0.15,
        "sl": -0.08,
        "tp": 0.05,
        "h": 24
      },
      "total_trades": 7,
      "win_trades": 5,
      "win_rate": 0.7142857142857143,
      "avg_return": 0.00910242857142857,
      "total_return": 0.060816229248288334,
      "max_drawdown": 0.07261017155325883,
      "sharpe_ratio": 0.6295756820937092,
      "sortino_ratio": 1.0316907047169321,
      "calmar_ratio": 0.8375717609161719,
      "profit_factor": 1.8410041841004183,
      "avg_hold_hours": 23.083333333333336,
      "bars": 2000,
      "funding_rows": 200,
      "score": 32.6
    },
    {
      "coin": "BTCUSDT",
      "params": {
        "thr": 0.22,
        "sl": -0.05,
        "tp": 0.03,
        "h": 24
      },
      "total_trades": 8,
      "win_trades": 6,
      "win_rate": 0.75,
      "avg_return": 0.0037436250000000004,
      "total_return": 0.0286528357939293,
      "max_drawdown": 0.047757040480000186,
      "sharpe_ratio": 0.49115105942593973,
      "sortino_ratio": 0.6902050644855768,
      "calmar_ratio": 0.5999709258769627,
      "profit_factor": 1.624379769003044,
      "avg_hold_hours": 20.0625,
      "bars": 2000,
      "funding_rows": 200,
      "score": 30.6
    },
    {
      "coin": "HMSTRUSDT",
      "params": {
        "thr": 0.22,
        "sl": -0.1,
        "tp": 0.03,
        "h": 24
      },
      "total_trades": 12,
      "win_trades": 9,
      "win_rate": 0.75,
      "avg_return": 0.007189083333333335,
      "total_return": 0.07270565643985627,
      "max_drawdown": 0.10285600000000002,
      "sharpe_ratio": 0.47507254711284796,
      "sortino_ratio": 0.5964810396946675,
      "calmar_ratio": 0.7068684028141893,
      "profit_factor": 1.4089644220057362,
      "avg_hold_hours": 5.9375,
      "bars": 1000,
      "funding_rows": 200,
      "score": 29.7
    },
    {
      "coin": "XRPUSDT",
      "params": {
        "thr": 0.18,
        "sl": -0.05,
        "tp": 0.03,
        "h": 24
      },
      "total_trades": 4,
      "win_trades": 3,
      "win_rate": 0.75,
      "avg_return": 0.00072475,
      "total_return": 0.0028448292542577747,
      "max_drawdown": 0.008109000000000139,
      "sharpe_ratio": 0.23500259111745217,
      "sortino_ratio": 0.35750400789246517,
      "calmar_ratio": 0.3508236840865367,
      "profit_factor": 1.3575040078924652,
      "avg_hold_hours": 19.520833333333332,
      "bars": 1000,
      "funding_rows": 200,
      "score": 25.9
    },
    {
      "coin": "TUSDT",
      "params": {
        "thr": 0.22,
        "sl": -0.05,
        "tp": 0.03,
        "h": 24
      },
      "total_trades": 11,
      "win_trades": 7,
      "win_rate": 0.6363636363636364,
      "avg_return": 0.003166636363636364,
      "total_return": 0.028215852315033985,
      "max_drawdown": 0.09944017543599998,
      "sharpe_ratio": 0.2835773160330133,
      "sortino_ratio": 0.3859419521958776,
      "calmar_ratio": 0.283747008604121,
      "profit_factor": 1.2201930553185034,
      "avg_hold_hours": 14.454545454545455,
      "bars": 2000,
      "funding_rows": 200,
      "score": 24.2
    },
    {
      "coin": "KORUUSDT",
      "params": {
        "thr": 0.18,
        "sl": -0.1,
        "tp": 0.03,
        "h": 24
      },
      "total_trades": 11,
      "win_trades": 8,
      "win_rate": 0.7272727272727273,
      "avg_return": 0.001993909090909091,
      "total_return": 0.008048175047936423,
      "max_drawdown": 0.116618,
      "sharpe_ratio": 0.12819661118903156,
      "sortino_ratio": 0.1604594824757915,
      "calmar_ratio": 0.06901314589459966,